{
    "replace": false,
    "values": [



      {"id":"minecraft:music_disc_11","required": false},
      {"id":"minecraft:music_disc_13","required": false},
      {"id":"minecraft:music_disc_5","required": false},
      {"id":"minecraft:music_disc_blocks","required": false},
      {"id":"minecraft:music_disc_cat","required": false},
      {"id":"minecraft:music_disc_chirp","required": false},
      {"id":"minecraft:music_disc_far","required": false},
      {"id":"minecraft:music_disc_mall","required": false},
      {"id":"minecraft:music_disc_mellohi","required": false},
      {"id":"minecraft:music_disc_otherside","required": false},
      {"id":"minecraft:music_disc_pigstep","required": false},
      {"id":"minecraft:music_disc_stal","required": false},
      {"id":"minecraft:music_disc_strad","required": false},
      {"id":"minecraft:music_disc_wait","required": false},
      {"id":"minecraft:music_disc_ward","required": false},
      {"id":"minecraft:music_disc_tears","required": false},
      
      {"id":"minecraft:music_disc_relic","required": false},
      
      {"id":"minecraft:music_disc_creator_music_box","required": false},
      {"id":"minecraft:music_disc_creator","required": false},
      {"id":"minecraft:music_disc_precipice","required": false}


    


      
    ]
  }
  