{
  "criteria": {
    "requirement": {
      "trigger": "minecraft:default_block_use",
      "conditions": {
        "player": [],
        "location": [
          {
            "condition": "minecraft:location_check",
            "predicate": {
              "block": {
                "blocks": [
                  "minecraft:ender_chest"
                ]
              }
            }
          }
        ]
      }
    }
  },
  "rewards": {
    "function": "vanilla_refresh:other/placed_block"
  },
  "parent": "vanilla_refresh:place/disc"
}
